julian.nagele@uibk.ac.at = angele
bentkamp@gmail.com = bentkamp
stefanberghofer = berghofe
blanchette = blanchet
mail@joachim-breitner.de = breitner
brucker@spamfence.net = brucker
lukas.bulwahn@gmail.com = bulwahn
diekmann@net.in.tum.de = diekmann
christoph.dittmann@tu-berlin.de = dittmann
eberlm@in.tum.de = eberlm
bertram.felgenhauer@uibk.ac.at = felgenhauer
Mathias.Fleury@mpi-inf.mpg.de = fleury
peteg42@gmail.com = gammie
peter.gammie@nicta.com.au = gammie
giuliano@losa.fr = giuliano
fhaftmann = haftmann
haslbema@in.tum.de = haslbeck
max.haslbeck@gmx.de = haslbeck
johannes.hoelzl@gmx.de = hoelzl
brianh@cs.pdx.edu = huffman
brian_huffman = huffman
huffman@in.tum.de = huffman
lars.hupel@mytum.de = hupel
immler@in.tum.de = immler
Sebastiaan Joosten = joosten
joshuas@student.ethz.ch = joshuas
gerwin.klein@data61.csiro.au = kleing
gerwin.klein@nicta.com.au = kleing
lsf37 = kleing
lsf37@sourceforge.net = kleing
lsf37@users.sourceforge.net = kleing
alexkrauss = krauss
kuncar@in.tum.de = kuncar
lammich@in.tum.de = lammich
peter.lammich@uni-muenster.de = lammich
peter@linux-e9a3.site = lammich
alochbihler = lochbihler
lochbihl@i44pc65.info.uni-karlsruhe.de = lochbihler
lochbihl@i44sun4.info.uni-karlsruhe.de = lochbihler
Andreas Lochbihler = lochbihler
denis.lohner@kit.edu = lohner
michael137 = nedzelsky
MichaelNedzelsky@yandex.ru = nedzelsky
lars@public.noschinski.de = noschinl
noschinl@lapnipkow6.informatik.tu-muenchen.de = noschinl
lp15@cam.ac.uk = paulson
lp15 = paulson
lsf37@sourcefore.net = paulson
prathamesh.t@gmail.com = prathamesh
Viorel Preoteasa = preoteasa
robs@cse.unsw.edu.au = robs
norbertschirmer = schirmer
sickert@in.tum.de = sickert
griff = sternagel
Christian Sternagel = sternagel
tim@tbrk.org = tbourke
rene.thiemann@uibk.ac.at = thiemann
thomas.sewell@nicta.com.au = tsewell
frederic.tuong@{u-psud,irt-systemx,lri}.fr = tuong
Frédéric Tuong = tuong
christian dot urban at kcl dot ac dot uk = urbanc
urbanc@in.tum.de = urbanc
wasserra@i44pc43.info.uni-karlsruhe.de = wasserra
wasserra@i44pc60.info.uni-karlsruhe.de = wasserra
tjark.weber@it.uu.se = webert
wimmers@in.tum.de = wimmers
akihisa.yamada@uibk.ac.at = yamada
